{"cameraMode":{"drawMode":0,"name":"Shaded","section":"Shading Mode"},"sceneLighting":true,"audioPlay":false,"sceneViewState":{"showFog":true,"showMaterialUpdate":true,"showSkybox":false,"showFlares":true,"showImageEffects":true,"showParticleSystems":true},"in2DMode":false,"pivot":{"x":0.7393035888671875,"y":0.5651562213897705,"z":-6.29262638092041},"rotation":{"x":-0.06987747550010681,"y":0.5332402586936951,"z":-0.04425930604338646,"w":-0.8419075012207031},"size":10.309703826904297,"orthographic":false}