{"cameraMode":{"drawMode":0,"name":"Shaded","section":"Shading Mode"},"sceneLighting":true,"audioPlay":false,"sceneViewState":{"showFog":true,"showMaterialUpdate":true,"showSkybox":false,"showFlares":true,"showImageEffects":true,"showParticleSystems":true},"in2DMode":false,"pivot":{"x":-5.966678619384766,"y":10.981461524963379,"z":5.3185577392578129},"rotation":{"x":-0.047671858221292499,"y":0.8644405007362366,"z":-0.08351237326860428,"w":-0.4934532940387726},"size":22.08478546142578,"orthographic":false}