{"cameraMode":{"drawMode":0,"name":"Shaded","section":"Shading Mode"},"sceneLighting":true,"audioPlay":false,"sceneViewState":{"showFog":true,"showMaterialUpdate":true,"showSkybox":false,"showFlares":true,"showImageEffects":true,"showParticleSystems":true},"in2DMode":false,"pivot":{"x":-7.5544962882995609,"y":-8.117509841918946,"z":12.95560073852539},"rotation":{"x":0.227114737033844,"y":-0.3080327808856964,"z":0.07592832297086716,"w":0.9207971692085266},"size":18.083770751953126,"orthographic":false}